Left,Down,Right,Up
50.29764369753004,66.54822079747949,36.04670270677505,50.640256927970576
48.415200865864016,-55.65835231711544,33.06313068826894,33.65096200950919
64.8237199467766,90.82706872121065,-58.15126484503669,46.66950766535285
42.3487150549938,57.4571559227072,32.392268317638084,44.622511413274864
73.1250947706701,78.10699018891336,123.0098622217416,58.39889018842892
22.97881361905356,44.98836284535507,9.002758833427169,23.614277056277658
