Left,Down,Right,Up
37.03251674665705,49.56693769576007,26.506267720684086,35.25834683186001
35.73081735451847,-66.13131014448459,23.401580922824042,24.409209967501116
48.03086954653297,66.60814437042677,-72.41940754583085,36.65725808153897
27.90888997297406,45.65535526420494,20.62200190395909,32.05647367568584
46.85948040292364,57.989578646028235,95.9950949733532,41.15940976846413
13.667236337536806,9.96575961054764,6.488394981645884,7.416808191696674
